ts	phase	decision	why	evidence	result
2026-09-10T13:17:07Z	research	Kept Comments ownership motivation and used the latest package boundary	The September 9 package plan supersedes the earlier copied channel target	docs/plans/2026-09-09-comments-package-data.md	Current source checked
2026-09-10T13:17:07Z	research	Refreshed Yjs and its binding before using their architecture	The sibling clones were older snapshots with different API names	docs/plite/research/2026-09-10-authored-changes/repo-registry.tsv	Current refs inspected; prerelease limit retained
2026-09-10T13:17:07Z	evidence	Ran two current-owner model observations	Source suggested incomplete canonical capture and overlapping-ID removal	docs/plite/research/2026-09-10-authored-changes/sources/current-owner-probe.log	Both observation assertions passed; no browser claim
2026-09-10T13:17:07Z	verdict	Recommend native authored revision design and remove Plate mutation ownership	Existing DocumentChange plus external projection and history evidence support the direction	docs/plite/research/2026-09-10-authored-changes/assessment.md	Pursue design; runtime architecture provisional
2026-09-10T14:14:56Z	skill-audit	Rejected a separate revision store and serializer as an assumed target	The existing state and effect owners already cover persistence and history mechanics	docs/plite/research/2026-09-10-authored-changes/skill-audit.md	Public owner and physical representation remain unselected
2026-09-10T14:14:56Z	evidence	Ran focused state and effect contracts and a concurrent two-peer probe	Reusable transport does not establish proposal merge or convergence semantics	docs/plite/research/2026-09-10-authored-changes/sources/skill-audit-shared-field-probe.log	31 existing tests passed; new concurrency assertion failed; no product fix
2026-09-10T14:14:56Z	evidence	Replayed the two Suggestion observations after a source fingerprint changed	A previous receipt must not silently certify changed source	docs/plite/research/2026-09-10-authored-changes/sources/skill-audit-current-owner-probe.log	Both observations reproduced on the current source
2026-09-10T14:14:56Z	verdict	Kept Pursue for authored-change semantics and withheld implementation readiness	Concurrent decisions, physical representation and measured native costs are unresolved	docs/plite/research/2026-09-10-authored-changes/skill-audit.md	Review corrected; Best API remains the next owner
2026-09-10T14:19:48Z	closure	Validated the corrected assessment and its recorded proof limits	Review completion must remain distinct from the failing concurrency contract and unimplemented runtime target	docs/plite/research/2026-09-10-authored-changes/sources/skill-audit-validation.json	19 methods accounted for; 56 stable source fingerprints; artifact links and ledgers valid
