check	issue	state	relevant	classification	owner	status	reason	linked_prs	linked_refs	provider_commit_refs	provider_mentioned_commit_refs	upstream_test_provenance	local_coverage	local_test	verification_command	last_checked_at	next_action	title	url	claim	concept_ids	current_source_truth	source_evidence	proof_relation	proof_evidence	changes_audit	audit_change	body_sha256	timeline_sha256	semantic_sha256	timeline_events
[x]	1	CLOSED	yes	fixed	external-framework	deferred-with-owner	Current source contains the fix, but Wordgard still owns the missing exact browser regression.		wordgard@9c9b2cfa3666b1bd33021716080cfaf2f8ae9461		9c9b2cfa3666b1bd33021716080cfaf2f8ae9461		none; external-source semantic audit		node docs/editor-issue-harvester/wordgard/full/build-closure-ledger.mjs	2026-08-01T13:53:58.862Z	Add a browser test that activates Mod-k twice and asserts one dialog panel.	Multiple instances of the "Add a link" dialog	https://code.haverbeke.berlin/wordgard/wordgard/issues/1	Repeated link-command activation created concurrent link dialogs.	WG-PRODUCT-003D1B; WG-VIEW-014A2	Fixed. The link command detects the named open panel, restores editor focus when needed, closes it, and returns before opening another dialog.	../wordgard/src/schema/link.ts:8-42	The closing commit changed only source. The current test tree has no link-dialog multiplicity regression.	../wordgard/src/schema/link.ts:8-42	no	Confirms link UI is owned jointly by the link bundle and generic dialog lifecycle; it does not change the current winner.	f07b8f512cfcf286f6a55b6444015920e9f5fc89cf125028c4ddd49352ea9b21	424abfbedec416a76e8b619cbe46d077368442c62eca4a17405d9e55de99f7fc	15439c24249d0bc4d95f9274c12da7a23d22fe3198cebc4399e3bf101c56deb7	2
[x]	2	OPEN	yes	open	external-framework	deferred-with-owner	The open browser-layout contract belongs to Wordgard; no Plate/Plite source change follows from it.					../wordgard/test/test-selection.ts:102-158	none; external-source semantic audit		node docs/editor-issue-harvester/wordgard/full/build-closure-ledger.mjs	2026-08-01T13:53:58.862Z	Define list direction projection and add Firefox/Chromium browser rows.	Look into how browsers handle text direction in lists	https://code.haverbeke.berlin/wordgard/wordgard/issues/2	Direction stored on a list-item textblock does not reliably place list markers or align text in Firefox and Chrome.	WG-CMD-003B2B; WG-PRODUCT-003A2D; WG-VIEW-013D	Open. Direction remains a textblock mark and state facet; no list-wrapper projection propagates the direction contract to list marker layout.	../wordgard/src/schema/block.ts:184-258	Bidi state tests cover cursor logic, not browser list marker placement or Firefox list alignment.	../wordgard/test/test-selection.ts:102-158	yes	Downgrades Wordgard direction behavior from complete to partial at the product/DOM boundary; the data model is stronger than its list rendering contract.	70a9f241d186556931aed5b834575f06efbca818b8adcad8b0d5d658f07002cf	4f53cda18c2baa0c0354bb5f9a3ecbe5ed12ab4d8e11ba873c2f11161202b945	b156f637bc925b8915bf722eb1e0c4036c28721a8c64f3791a4f42ebdc4c6e2e	0
[x]	3	CLOSED	yes	fixed	external-framework	deferred-with-owner	Source fix is present; raw Firefox Android coverage remains Wordgard-owned.		wordgard@b2cbe0efb0f1afe1f2f8ca6c9794e54ef32e6e5f			../wordgard/test/webtest-dom-changes.ts:51-149	none; external-source semantic audit		node docs/editor-issue-harvester/wordgard/full/build-closure-ledger.mjs	2026-08-01T13:53:58.862Z	Run select-all delete and replacement on Firefox Android with trace/video evidence.	Firefox Android issues	https://code.haverbeke.berlin/wordgard/wordgard/issues/3	Firefox Android moves the DOM selection before beforeinput, causing select-all deletion/replacement to use the wrong range and destabilize later input.	WG-VIEW-007A; WG-VIEW-009A; WG-VIEW-010B1; WG-PROOF-004C	Fixed in source. Selectionchange records are staged and interpreted during flush, with touch recency used only to label pointer selection.	../wordgard/src/editor/domobserver.ts:125-159	The observed 733-test Chrome run is both desktop-only and stale-dist; no Firefox Android or current-head raw-device regression proves this sequence.	../wordgard/test/webtest-dom-changes.ts:51-149	yes	Strengthens the raw-mobile proof gap: a source fix exists, but no applicable device proof supports an exact mobile-input claim.	9ea6549011cb5644f1f6f2dcf5ceb4751030cbf64a7eda0a290b2db2db1af3d9	e50bf350da558ced70917ebf0e404c85f26ba6c2e9e46f63839600a74281d34f	0b59fc34ce04d169a93c056dfc4ed96d2696f7e016e2f12fdbe0e634ddeb7300	2
[x]	4	CLOSED	yes	fixed	external-framework	deferred-with-owner	Maintainer-reported device success is not a retained regression artifact.		wordgard@b41e3acddbf4d3489df2ae1a810ed807b4c20d6f; wordgard@08cf145362a0..062f2476fd50e08	b41e3acddbf4d3489df2ae1a810ed807b4c20d6f	b41e3acddbf4d3489df2ae1a810ed807b4c20d6f	../wordgard/test/webtest-dom-changes.ts:51-149	none; external-source semantic audit		node docs/editor-issue-harvester/wordgard/full/build-closure-ledger.mjs	2026-08-01T13:53:58.862Z	Retain a Chrome Android voice-typing trace that asserts DOM, document, and caret convergence.	Cursor mismatch on Android with Google Voice Typing	https://code.haverbeke.berlin/wordgard/wordgard/issues/4	Chrome Android voice typing emits stacked DOM deletions and insertions that made the visible caret diverge from the model selection.	WG-VIEW-006A; LOCAL-NATIVE-INPUT-RECONCILIATION; WG-VIEW-010A; WG-PROOF-004C	Fixed according to the maintainer. The current input owner maintains a DOM document plus lazy mappings and reconciles stacked native changes before mapping target ranges into state.	../wordgard/src/editor/input.ts:83-301; ../wordgard/src/editor/input.ts:812-840	Desktop DOM-change tests cover stacked mapping primitives, but no current Google Voice Typing device test exists.	../wordgard/test/webtest-dom-changes.ts:51-149	yes	Provides concrete donor evidence for canonical native-DOM reconciliation while keeping its mobile proof status partial.	4199d98c0ff187c35780180d8b983518666cf9a932e633dad98d17bb500022f6	7895353a339293b8b2b589da411675d1cff3eb56f583f00180955730a9eaecb9	e4a0ab270370a2167a3d0a74d2e9c0eca0340752feb89b07bbd766bb5ca436bf	4
[x]	5	CLOSED	yes	fixed	docs-support-release	invalid-skip	Not an editor behavior or reusable architecture invariant.		wordgard@152fcfa4a24af957e7a44e13cfa3eff8dacde632	152fcfa4a24af957e7a44e13cfa3eff8dacde632	152fcfa4a24af957e7a44e13cfa3eff8dacde632		none; external-source semantic audit		node docs/editor-issue-harvester/wordgard/full/build-closure-ledger.mjs	2026-08-01T13:53:58.862Z	None.	leftover code from the CM6	https://code.haverbeke.berlin/wordgard/wordgard/issues/5	Two runtime error messages retained CodeMirror branding.	WG-STATE-004B; WG-VIEW-016A	Fixed. Plugin crash and duplicate-package diagnostics use Wordgard terminology.	../wordgard/src/editor/editor.ts:1090-1151; ../wordgard/src/state/state.ts:710-740	A current source search is sufficient for this non-behavioral string cleanup.	../wordgard/src/editor/editor.ts:1090-1151; ../wordgard/src/state/state.ts:710-740	no	Terminology cleanup only; no architecture or proof conclusion changes.	d1cfbed707ebefbdc4b39cf7d5cbe4abd6827cc619d214c7629c2e50d70574ac	720874671305243c115d7961bd483ece3db292b09c6d97ebc85925e5ffe1b2dc	da2c21450401abab5def46d3fce3cf1e900edbdf3b5bdd2a1c0364f3aa18fe42	3
[x]	6	CLOSED	yes	fixed	external-framework	deferred-with-owner	Source shape is corrected; packed declaration proof is blocked by the current build failure.		wordgard/timeline-orphan@499b6ca43d6b98e61b955cda8610b5767ce940d3; wordgard@e741fd9254a59bcd3565ad7f4cfc34ce1a2378bc; wordgard@1acb231df7067bf5f85e694aaf4646181441e9ab	499b6ca43d6b98e61b955cda8610b5767ce940d3; e741fd9254a59bcd3565ad7f4cfc34ce1a2378bc; 1acb231df7067bf5f85e694aaf4646181441e9ab	499b6ca43d6b98e61b955cda8610b5767ce940d3; e741fd9254a59bcd3565ad7f4cfc34ce1a2378bc; 1acb231df7067bf5f85e694aaf4646181441e9ab		none; external-source semantic audit		node docs/editor-issue-harvester/wordgard/full/build-closure-ledger.mjs	2026-08-01T13:53:58.862Z	After #32, compile the original consumer against the packed declaration bundle.	TypeScript declaration error: Property `isTextblock` does not exist on type `Plot`	https://code.haverbeke.berlin/wordgard/wordgard/issues/6	Bundled declarations resolved Pos.Plot.node to the namespace-local position class instead of the document Plot class.	WG-META-001; WG-META-002; WG-META-002B; WG-DOC-006	Fixed in source through out-of-namespace type aliases. A fresh declaration build cannot currently prove the published surface because issue #32 breaks type checking first.	../wordgard/src/doc/pos.ts:160-263	No retained compile-only regression exists, and the frozen head cannot emit clean declarations while schema/code.ts is broken.	../wordgard/src/doc/pos.ts:160-263; ../wordgard/src/schema/code.ts:1-56	no	The namespace-emission hazard remains relevant to packaging, but #32 already owns the current build-proof downgrade.	760751a828117d973e737acdaa3367e274ee2e76a21b2872e85d18f8246ad50c	b638c1b1d6bc9f8db81c05edd9a8d000637e56a9a8651b17d2ef1031fb3d3e80	3a36812d8f0826064f70422e2e7725fe9ddeedd686f668e7df54740cc945c654	5
[x]	7	CLOSED	yes	fixed	docs-support-release	deferred-with-owner	Website source is fixed but the example has no automated cross-range deletion proof.		wordgard/website-timeline-orphan@9dac3028bc399190821b5ffee16b65396df7eae0		9dac3028bc399190821b5ffee16b65396df7eae0		none; external-source semantic audit		node docs/editor-issue-harvester/wordgard/full/build-closure-ledger.mjs	2026-08-01T13:53:58.862Z	Add an example runner row for deletion across adjacent attribution ranges.	Can't delete text across ranges in Origin Tracking example	https://code.haverbeke.berlin/wordgard/wordgard/issues/7	The Origin Tracking example mishandled deletions spanning multiple attribution ranges.	WG-APPLICATION-BLAME-001; WG-APPLICATION-BLAME-002	Fixed in the website example. BlameMap.update walks preserved and replaced gaps and merges adjacent equal-color sections.	../wordgard-website/site/examples/blame/blame.ts:14-41	The reporter manually confirmed the website fix; there is no retained automated example regression.	../wordgard-website/site/examples/blame/blame.ts:14-41	no	Confirms the attribution example concepts found by the website audit; it does not alter the core editor comparison.	4a3dd0fd4a8f5f08c7cd20f0ddecc412c7f34a7766dedca2a99c151012e8fdc4	0571c600584161c694baa5ea8844b34d04363a2418426f1c12c5a5d76c4697c8	d288d04bbcc3fc8de9c6ecc306cdef6e23cd52e0428eec90f7eaae561b360ab8	3
[x]	8	CLOSED	yes	fixed	external-framework	deferred-with-owner	The symptom disappeared, but no attributable source delta or durable iOS proof exists.					../wordgard/test/webtest-composition.ts:1-187	none; external-source semantic audit		node docs/editor-issue-harvester/wordgard/full/build-closure-ledger.mjs	2026-08-01T13:53:58.862Z	Add iOS autocorrect replacement with document/caret convergence assertions.	iOS autocorrect removes the word and doesn’t replace it as expected	https://code.haverbeke.berlin/wordgard/wordgard/issues/8	iOS autocorrect deleted the misspelled word instead of inserting its replacement.	WG-VIEW-009A; LOCAL-NATIVE-INPUT-RECONCILIATION; WG-PROOF-004C	Closed after the reporter could no longer reproduce on 0.1.2. No dedicated fixing commit was identified; current native-input reconciliation is the plausible owner.	../wordgard/src/editor/input.ts:182-301; ../wordgard/src/editor/input.ts:812-840	Reporter confirmation is the only exact evidence. The test suite has composition rows but no iOS autocorrect device row.	../wordgard/test/webtest-composition.ts:1-187	yes	Prevents treating the closure as source-proven and adds another required case to the raw iOS proof dossier.	6109841677df2413170598fe8acafa9aec08b7e4653e3523edc067b6669a1113	3c59151df9f34e29ce0a96297effcf887b9252965b70f246485c8375a1ffc7fc	69cf4863c0c2793a11ac48801464939f4e1e6d4b4a3f875497014b9dd2c60668	4
[x]	9	CLOSED	yes	fixed	docs-support-release	deferred-with-owner	Implementation exists without automated example proof.						none; external-source semantic audit		node docs/editor-issue-harvester/wordgard/full/build-closure-ledger.mjs	2026-08-01T13:53:58.862Z	Exercise outer/inner edit, undo, focus transfer, and teardown in the website example runner.	Create a footnote example	https://code.haverbeke.berlin/wordgard/wordgard/issues/9	Wordgard lacked a nested-editor footnote example.	WG-META-004B; WG-INTEGRATION-NESTED-001; WG-INTEGRATION-NESTED-002A; WG-INTEGRATION-NESTED-002B	Fixed in the website. The example defines an inline Footnote plot, projects it through a tooltip-hosted inner editor, and synchronizes inner/outer transactions.	../wordgard-website/site/examples/footnote/footnote.ts:1-243	The example exists, but the website has no retained end-to-end nested-editor verification.	../wordgard-website/site/examples/footnote/footnote.ts:69-182	no	Confirms the independently source-derived nested synchronization and shared focus/history concepts; the issue does not expand or revise the union.	a06995b9a62b201dc5c8adb0fbeee25d9daf11cf12f325f1a4827ab4a914202e	39f01cbbf6a2d73c79385b52a61b87ad253ac1dcb284f04a9eaaea38e0137cc6	0afed900b0c7516037550b243bfafada150566293b4824e4135b76e0b117d11a	2
[x]	10	OPEN	yes	open	docs-support-release	deferred-with-owner	Open donor example request; no local Plate/Plite patch is justified.						none; external-source semantic audit		node docs/editor-issue-harvester/wordgard/full/build-closure-ledger.mjs	2026-08-01T13:53:58.862Z	Wordgard may add a nested code-editor example with focus/history ownership proof.	Create a CodeMirror-for-editing-code-blocks example	https://code.haverbeke.berlin/wordgard/wordgard/issues/10	Wordgard lacks a CodeMirror-backed code-block editing example.	WG-META-004B; WG-PRODUCT-003A2B; WG-INTEGRATION-NESTED-001	Open. The website bundles CodeMirror modules for its playground, but no site/examples/codemirror example integrates a nested code editor.	../wordgard-website/src/codemirror.js:1-7	Repository inventory proves the example is absent; there is no applicable runtime proof.	../wordgard-website/src/codemirror.js:1-7	no	Product/example breadth gap only; Plate already wins this layer.	39a362e05003a9e4f34727df1a3fd28f113ae378bc5db74110d676ed579fcd5e	4f53cda18c2baa0c0354bb5f9a3ecbe5ed12ab4d8e11ba873c2f11161202b945	60412de2749d0e16b4f68696657f81fea37df90a82902c7e8759c8242d08aa92	0
[x]	11	OPEN	yes	open	external-framework	deferred-with-owner	Open Wordgard product feature with no local adoption consequence.					../wordgard/test/test-change.ts:415-416; ../wordgard/test/test-change.ts:484-484	none; external-source semantic audit		node docs/editor-issue-harvester/wordgard/full/build-closure-ledger.mjs	2026-08-01T13:53:58.862Z	Define the value-picker owner and prove keyboard/screen-reader operation.	Create a user interface for choosing a value for `CodeBlockLanguage`	https://code.haverbeke.berlin/wordgard/wordgard/issues/11	CodeBlockLanguage has no keyboard-accessible value-selection UI.	WG-PRODUCT-003A2B; WG-VIEW-014B	Open. The language mark type exists and fenced-code input tries to apply it, but no menu control selects a value; that input-rule source is also currently missing imports.	../wordgard/src/types/schema.ts:52-55; ../wordgard/src/schema/code.ts:1-56	Mark serialization tests exist; no UI or accessibility test covers choosing a language.	../wordgard/test/test-change.ts:415-416; ../wordgard/test/test-change.ts:484-484	no	Product-control gap; #32 separately changes the build audit.	9b466c60d5b09e23629a7374cae0e69a273b3e9879c26f1e724d1abc7c6f3fb3	4f53cda18c2baa0c0354bb5f9a3ecbe5ed12ab4d8e11ba873c2f11161202b945	8543e21022a1e4c48833ce12f730c302a95ad151a7521e4d91c6c171af824ad1	0
[x]	12	OPEN	yes	open	external-framework	deferred-with-owner	The remaining productized transport/server work belongs to Wordgard.					../wordgard/test/test-collab.ts:114-340	none; external-source semantic audit		node docs/editor-issue-harvester/wordgard/full/build-closure-ledger.mjs	2026-08-01T13:53:58.862Z	Separate algorithm proof from a packaged client/server contract and operational example.	Provide a practical collaborative editing system	https://code.haverbeke.berlin/wordgard/wordgard/issues/12	The collaboration algorithm lacks a packaged practical client/server transport and complete operational documentation.	WG-COLLAB-001; WG-COLLAB-002A; WG-COLLAB-002B; WG-COLLAB-002C; WG-META-004B; WG-META-004D; WG-STATE-001B	Open. The package owns versioned client queues, receive/send helpers, transforms, corrections, and shared effects; sendableUpdate reserves a send by mutating CollabState. The practical client/server remains ad hoc website example code.	../wordgard/src/collab/collab.ts:23-275; ../wordgard-website/site/examples/collab/collab.ts:17-260	Retained test source covers convergence, starvation transforms, corrections, effects, and random input. Its observed execution resolved stale dist, and transport reconnect, persistence, authentication, and server lifecycle remain unproved.	../wordgard/test/test-collab.ts:114-340	yes	Keeps algorithmic collaboration exact but downgrades any claim of a complete practical collaboration system to partial. The observational-snapshot purity finding is independently source-derived, not issue-created.	35b4fa3e53845d66f1858c36b9571285a08443eaf9d3e635fc6c9aefc5dd7a0f	5655ca3d90e64b4cdccf5165ac59a75fd9d43ddbd2c0056ca7a217640501bb9c	248c1c519c67202e15f27a01f967a8c36319cd13010fc6c5af0710a048548795	1
[x]	13	OPEN	yes	open	external-framework	deferred-with-owner	Open donor requirement with no implemented Wordgard contract to transplant.						none; external-source semantic audit		node docs/editor-issue-harvester/wordgard/full/build-closure-ledger.mjs	2026-08-01T13:53:58.862Z	Keep completion feature-owned in Plate; Wordgard must first define and prove its own lifecycle before it can be a donor.	Look into supporting autocompletion in the core lib	https://code.haverbeke.berlin/wordgard/wordgard/issues/13	Wordgard has no completion provider/query/selection/accept/cancel lifecycle.	LOCAL-COMPLETION-LIFECYCLE; WG-VIEW-014C1	Open. Generic tooltip primitives exist, but there is no completion state, query lifecycle, command, or feature bundle.	../wordgard/src/editor/tooltip.ts:398-526	No implementation means no applicable test.	../wordgard/src/editor/tooltip.ts:398-526	yes	Adds an issue-derived requirement row, but rejects centralizing completion in editor Core: Plate feature owners and copied UI already own the applicable product behavior.	444108a38bc4ede7b765af733fb7dcc272351767c5f3216d5a51568dcfd5efa6	4f53cda18c2baa0c0354bb5f9a3ecbe5ed12ab4d8e11ba873c2f11161202b945	f39d2b599768b04a00c1a8dc8eac4b81da28112e4e6321fbc22e0021a33dd5fd	0
[x]	14	CLOSED	yes	fixed	external-framework	deferred-with-owner	Source fix exists without exact browser style proof.		wordgard@b4ef7ab85e8f4aaad8279e5efff54046196de847; wordgard@ec00fb3cc66da0e0a5e6d7378ec9b01579d0676e	b4ef7ab85e8f4aaad8279e5efff54046196de847; ec00fb3cc66da0e0a5e6d7378ec9b01579d0676e	b4ef7ab85e8f4aaad8279e5efff54046196de847; ec00fb3cc66da0e0a5e6d7378ec9b01579d0676e		none; external-source semantic audit		node docs/editor-issue-harvester/wordgard/full/build-closure-ledger.mjs	2026-08-01T13:53:58.862Z	Add a host-theme override assertion for top and bottom panel classes.	Cannot change menu bar's `top`	https://code.haverbeke.berlin/wordgard/wordgard/issues/14	An inline top style made the sticky menu panel impossible to offset with host CSS.	WG-VIEW-013A; WG-VIEW-014A1	Fixed. Panel groups carry top/bottom classes and the base theme owns default offsets, allowing host CSS to override them.	../wordgard/src/editor/panel.ts:147-190; ../wordgard/src/editor/theme.ts:145-166	Reporter confirmation exists; no panel CSS regression test is retained.	../wordgard/src/editor/theme.ts:145-166	no	Reaffirms CSS—not imperative DOM style—as the correct panel-layout owner.	e0a455ea29dcd334d3173da8dfe3315f664c2ff530bd0705bcb56fbfd43c5062	03d73d6b326c1660308ddc44f00e617ff3d282f42075ca7d048450f7140eb698	a0b909d7c450b74f3d1d58799c798a3184676d4c346d7248de8d533a8109fde6	5
[x]	15	CLOSED	yes	fixed	external-framework	deferred-with-owner	Source fix is present; exact browser interaction proof is absent.		wordgard@c926b15827b28b72e436df2f96f8dad865cd189f	c926b15827b28b72e436df2f96f8dad865cd189f	c926b15827b28b72e436df2f96f8dad865cd189f	../wordgard/test/test-change.ts:123-216	none; external-source semantic audit		node docs/editor-issue-harvester/wordgard/full/build-closure-ledger.mjs	2026-08-01T13:53:58.862Z	Add keyboard and mouse select-all cut rows against a non-empty-root schema.	After use Ctrl+A to select all, Ctrl+X cause a "ValidationError"	https://code.haverbeke.berlin/wordgard/wordgard/issues/15	Keyboard select-all followed by cut could delete the document into an invalid shape.	WG-DOC-012; WG-STATE-010B; WG-VIEW-010C2	Fixed. Cut changes use schema fitting and explicitly remap a valid nearby selection after deletion.	../wordgard/src/editor/input.ts:584-605	ChangeSet fitting has strong unit coverage, but no exact Ctrl/Cmd-A then cut browser regression is retained.	../wordgard/test/test-change.ts:123-216	no	Confirms clipboard deletion must pass through schema-aware replacement fitting.	24b221c8a054324a62ea4ce7b2e9c4addbf9644a07af192fa9b72ae1c0a134b1	d2f7c80ae0cf03ae5a981523dff8084991a1ec27112ddda519366b05b50c83d3	c938148b599f76ca33e9c9c72a1e569fefd14f0027e7b88ce9dc249dbe52a7b9	3
[x]	16	CLOSED	yes	fixed	external-framework	deferred-with-owner	The exact upstream test source exists, but no run executes it against frozen-head runtime artifacts.		wordgard@514d79eb207b419571f10953249c611d93a2e2fb			../wordgard/test/webtest-content.ts:375-384	none; external-source semantic audit		node docs/editor-issue-harvester/wordgard/full/build-closure-ledger.mjs	2026-08-01T13:53:58.862Z	Repair the current build, resolve test imports to rebuilt current-head output, and rerun the exact row with module-resolution proof.	Range wrapper decorations don't redraw when their attributes change	https://code.haverbeke.berlin/wordgard/wordgard/issues/16	Range-wrapper attribute changes were ignored because equality compared the new element with itself.	WG-VIEW-005A1; WG-VIEW-005C1	Fixed. WrapperRangeDecoration.eq compares the other element with this element.	../wordgard/src/editor/decoration.ts:491-508	Exact browser regression source updates wrapper class a to b. The observed 733-test run imported ignored dist built at 01eb2b5, seven commits behind frozen head, so it is not current-head execution proof.	../wordgard/test/webtest-content.ts:375-384	yes	Downgrades current-head decoration proof to partial: fixed source and exact regression source exist, but the only observed execution is stale-dist.	f98ddec124a16e5a969668abe32f3ad29f5c2fa727e2cbdcb85ac034e561eeb2	bdbcbde7c3e629ff83e85967dcd04e9a4f57aa2a627c9cb6f323d4d82c0ec6c6	c2fdeb4a4dd04cb9f0904c5a25f7379f528b28b59e0270254a9997dd148ef8bd	2
[x]	17	CLOSED	yes	fixed	external-framework	deferred-with-owner	The exact upstream test source exists, but no run executes it against frozen-head runtime artifacts.		wordgard@b4de5b3771c0ef089e2ea84fd70af0d932b72ab9	b4de5b3771c0ef089e2ea84fd70af0d932b72ab9	b4de5b3771c0ef089e2ea84fd70af0d932b72ab9	../wordgard/test/webtest-content.ts:341-355	none; external-source semantic audit		node docs/editor-issue-harvester/wordgard/full/build-closure-ledger.mjs	2026-08-01T13:53:58.862Z	Repair the current build, resolve test imports to rebuilt current-head output, and rerun the exact row with module-resolution proof.	Point decoration at the end of the document isn't redrawn when it changes	https://code.haverbeke.berlin/wordgard/wordgard/issues/17	A changed zero-width point widget at document end was not invalidated and redrawn.	WG-VIEW-005A2; WG-VIEW-005C1	Fixed. Widget invalidation preserves zero-width changed sections at the document boundary.	../wordgard/src/editor/decoration.ts:1016-1035	Exact browser regression source flips the end widget x to y. The observed 733-test run imported ignored dist built at 01eb2b5, seven commits behind frozen head, so it is not current-head execution proof.	../wordgard/test/webtest-content.ts:341-355	yes	Downgrades current-head widget proof to partial: fixed source and exact regression source exist, but the only observed execution is stale-dist.	e091cb68c77ad7b83d85574162452ee6a5180f66cbd8c7ded51363c1ce6fa04d	87ec4284aaa9e2841099aae4a17ff1faed8c45437c6e7c2cc72a344ccab67d70	2f2d4d40fcdb3c2f681c2837f7b9d9f25ae572514738d40e07654bfd1dd9d8c7	2
[x]	18	CLOSED	yes	fixed	external-framework	deferred-with-owner	The exact upstream test source exists, but no run executes it against frozen-head runtime artifacts.		wordgard@cb9c37749d4fb749679ddbd552126329b5a8dd2a	cb9c37749d4fb749679ddbd552126329b5a8dd2a	cb9c37749d4fb749679ddbd552126329b5a8dd2a	../wordgard/test/webtest-content.ts:386-395	none; external-source semantic audit		node docs/editor-issue-harvester/wordgard/full/build-closure-ledger.mjs	2026-08-01T13:53:58.862Z	Repair the current build, resolve test imports to rebuilt current-head output, and rerun the exact row with module-resolution proof.	A lower decoration change is lost when a higher one changes too	https://code.haverbeke.berlin/wordgard/wordgard/issues/18	Merging simultaneous point and range decoration changes dropped the lower change.	WG-VIEW-005C1	Fixed. joinRanges indexes the source list correctly and invalidation tracks the last appended end per source.	../wordgard/src/editor/decoration.ts:954-976; ../wordgard/src/editor/decoration.ts:1007-1035	Exact browser regression source changes a point and range in one transaction. The observed 733-test run imported ignored dist built at 01eb2b5, seven commits behind frozen head, so it is not current-head execution proof.	../wordgard/test/webtest-content.ts:386-395	yes	Downgrades current-head invalidation proof to partial: fixed source and exact regression source exist, but the only observed execution is stale-dist.	723e184fdbb2dede3b67977fd41baf464ac9c6eeb2f9102e78c40b5032c87a49	63b82751be7c61ca91a3ada01d8a8888b6a3952a689770d2d5f72da11ff2fbd2	9147cb8c9535f986b16c64cd9dbe920e4f6fbcccf3a60b44cd88651ed41ec8ee	2
[x]	19	CLOSED	yes	stale	external-framework	invalid-skip	The reported geometry expectation depends on an unsupported block-widget/inline-content combination.						none; external-source semantic audit		node docs/editor-issue-harvester/wordgard/full/build-closure-ledger.mjs	2026-08-01T13:53:58.862Z	Document the unsupported combination if users can reach it through public APIs.	coordsAtPos returns the block's far edge instead of the caret's line start next to a block widget	https://code.haverbeke.berlin/wordgard/wordgard/issues/19	coordsAtPos returned the far edge near a block-display widget placed inside an inline-content plot.	WG-VIEW-005A2; WG-VIEW-006B	Closed as unsupported/by-design. side -1 places the widget before the cursor, and block-display widgets inside inline content are outside the supported rendering contract.	../wordgard/src/editor/decoration.ts:280-292; ../wordgard/src/editor/coords.ts:5-60	No source fix or regression test exists because the reproduction violates the supported widget/layout contract.	../wordgard/src/editor/decoration.ts:280-292	no	Clarifies a contract boundary; it does not create a supported invariant to compare or adopt.	e225bd17d4018379bab58cfeab38b09bc99ebc41c5586b61f6f6110987fe078a	da9459b9135f8321483e86d0dc28c2ca829985eaa76f21e980af48144f773044	e0504ea915a7ee6fbc62978b65ef3645cb471e2c83b11b7ad54863c52cf1031e	3
[x]	20	CLOSED	yes	fixed	external-framework	deferred-with-owner	Current source contains the fix; exact top-level-textblock proof is absent.		wordgard@ddf6fd8a609eb96c02d6f39fd7580649c16eeef4	ddf6fd8a609eb96c02d6f39fd7580649c16eeef4	ddf6fd8a609eb96c02d6f39fd7580649c16eeef4	../wordgard/test/webtest-coords.ts:109-175	none; external-source semantic audit		node docs/editor-issue-harvester/wordgard/full/build-closure-ledger.mjs	2026-08-01T13:53:58.862Z	Add the reported direct-inline document schema to moveVertically browser tests.	Arrow / line-boundary movement crashes on a doc that is its own textblock	https://code.haverbeke.berlin/wordgard/wordgard/issues/20	Vertical motion crashed when the document root itself was the textblock.	WG-STATE-014A; WG-VIEW-006B	Fixed. Vertical motion uses the document tile when a textblock position has no parent instead of reading before on the top node.	../wordgard/src/editor/selection.ts:39-62	Retained browser test source covers general vertical motion, but the observed execution is stale-dist and none use a document root with direct inline content.	../wordgard/test/webtest-coords.ts:109-175	no	No architecture delta; this is a fixed boundary case with a missing exact regression.	ce09185967f3fda7bf63476810185645e4a647563fbd37780743c21bbe78ed18	e2ca3aa08716bc063f0dc031629ad5c06718d8eec89910d0fa91189d7cb67352	677901b198b54ecd06d3f4495e215be156ae957eb941c94c321e4d652f60444c	2
[x]	21	CLOSED	yes	fixed	external-framework	deferred-with-owner	Source policy is present; layout-sensitive proof is absent.		wordgard@4aec64b60180217b0206ba0e0efcdfe2a03c4bd8	4aec64b60180217b0206ba0e0efcdfe2a03c4bd8	4aec64b60180217b0206ba0e0efcdfe2a03c4bd8	../wordgard/test/test-selection.ts:102-219	none; external-source semantic audit		node docs/editor-issue-harvester/wordgard/full/build-closure-ledger.mjs	2026-08-01T13:53:58.862Z	Add a fixed-width Chrome/Firefox soft-wrap motion row.	Caret drawn after the trailing space when arrowing across a soft wrap	https://code.haverbeke.berlin/wordgard/wordgard/issues/21	Horizontal motion across a soft wrap drew the caret after collapsed trailing whitespace.	WG-CMD-003E2; WG-STATE-011B; WG-STATE-013	Fixed by forward-biasing logical motion except at bidi boundaries; current logical movement returns a forward side.	../wordgard/src/state/textblock.ts:215-227	Retained unit-test source covers logical and bidi movement, but the observed execution is stale-dist and no browser soft-wrap caret regression is retained.	../wordgard/test/test-selection.ts:102-219	no	Confirms the cursor-side policy but does not change the current architecture verdict.	eff0a0c170a5a2d3d0e1d33894a699f7f6024c544b90c74e02b73be4621a561e	839c0bc4ba8d73d798ef70c2d0526be48dae881e5e4a0646cecb57bffc13f952	4c7e226fc3626f6a1f822f17733470d630ba7d68161e93250fad8974b609b7f9	3
[x]	22	CLOSED	yes	fixed	external-framework	deferred-with-owner	Broad source fix exists without one exact cross-surface proof.		wordgard@53b5cec556c73dd5; wordgard@d2f3f740d2adf1f7c19aede12a3ad947ef6b6d3f	d2f3f740d2adf1f7c19aede12a3ad947ef6b6d3f	d2f3f740d2adf1f7c19aede12a3ad947ef6b6d3f		none; external-source semantic audit		node docs/editor-issue-harvester/wordgard/full/build-closure-ledger.mjs	2026-08-01T13:53:58.862Z	Exercise keyboard, menus, paste/drop, history, and table mutations under readOnly.	`GardState.readOnly.of(true)` only partially working	https://code.haverbeke.berlin/wordgard/wordgard/issues/22	readOnly prevented only some mutation paths, while menus and commands could still edit.	WG-STATE-003A; WG-CMD-002B; WG-VIEW-010B1; WG-VIEW-014B	Fixed across command, menu, input, history, schema, and table owners. Text selection remains allowed by design; focusability/editable is a separate facet.	../wordgard/src/state/state.ts:823-835; ../wordgard/src/command/commands.ts:20-305; ../wordgard/src/editor/input.ts:591-603	The current test tree contains no cross-surface readOnly contract test.	../wordgard/src/state/state.ts:823-835	no	Confirms readOnly is authoring policy, not selection/focus policy; no winner changes.	c703ca7c4cfa154e706a8300da7e9b3005b4dd8593c0fbe8815118e8d53a4f0c	eef4c025cd0b942f6be1f59d2582ae36ae0a5ecc7e3c52bafdb9b9d5ced17813	1e9893491595dfda3d77267e4bf5cf4224a1cd77b5068cd179904e81118ce5e0	5
[x]	23	OPEN	yes	open	external-framework	needs-repro	The issue remains open and requires a real iOS keyboard/device lane.		wordgard@01eb2b5eae509509677345fd603acad001827dff	01eb2b5eae509509677345fd603acad001827dff	01eb2b5eae509509677345fd603acad001827dff	../wordgard/test/webtest-composition.ts:180-187	none; external-source semantic audit		bun test:mobile-device-proof:raw	2026-08-01T13:53:58.862Z	Reproduce on current iOS, capture event/DOM/model trace, then retain a raw-device row.	Extra space at start of line with iOS swipe input	https://code.haverbeke.berlin/wordgard/wordgard/issues/23	iOS swipe input at line start can insert an extra leading space through stale autocapitalization context.	WG-VIEW-009A; LOCAL-NATIVE-INPUT-RECONCILIATION; WG-VIEW-010B1; WG-PROOF-004C	Open. Wordgard now delegates Enter and Backspace to native input on iOS/Android, but the maintainer explicitly describes this as mitigation rather than a complete autocapitalization fix.	../wordgard/src/editor/input.ts:710-713; ../wordgard/src/editor/input.ts:812-840	Only the issue recording exercises the symptom; no raw iOS regression exists.	../wordgard/test/webtest-composition.ts:180-187	yes	Hard evidence that Wordgard mobile-input correctness and proof are partial, not exact.	7f8b5f714582c680d851ec25acaa699e653fe456c0d1b776bf292f7216af78f8	05a37533b8c4d2640c117a6743e055227f8656d9458ee3ce6eec2acc31c1a9a8	60ed3df1b5ed16660cec8d0462a1023dc7c1a2cd0cc7c99d0774e04d3fd768b8	2
[x]	24	CLOSED	yes	fixed	external-framework	deferred-with-owner	Source fix exists without device proof.		wordgard@01eb2b5eae509509677345fd603acad001827dff			../wordgard/test/webtest-composition.ts:180-187	none; external-source semantic audit		node docs/editor-issue-harvester/wordgard/full/build-closure-ledger.mjs	2026-08-01T13:53:58.862Z	Retain iOS swipe-word then Backspace behavior on a raw device.	iOS swipe input deleted character-by-character	https://code.haverbeke.berlin/wordgard/wordgard/issues/24	iOS swipe-input backspace deleted a word character-by-character instead of honoring native word deletion.	WG-VIEW-009A; WG-VIEW-010B1; WG-PROOF-004C	Fixed by delegating mobile Backspace to beforeinput/native behavior rather than intercepting keydown.	../wordgard/src/editor/input.ts:710-713; ../wordgard/src/editor/input.ts:812-840	No raw iOS swipe/backspace regression is retained.	../wordgard/test/webtest-composition.ts:180-187	yes	Adds a mandatory swipe-backspace case to the raw mobile proof dossier; source policy alone is insufficient proof.	15516b7d0ae4f027b4804fe3f4f1226422e220da3879da69afe2525154cf9b51	d19d74646e12458abc8eec8b0014a2895054df3889723b3c6cb08bb163857769	7915bcf28783cb6b34330af69b624c4d50e6dc73e77e3c804692346da66cda1f	2
[x]	25	CLOSED	yes	fixed	external-framework	deferred-with-owner	Current source is fixed; exact browser proof is absent.		wordgard@1fce5f61a82a1ed5f949f14004027270adc0bffc	1fce5f61a82a1ed5f949f14004027270adc0bffc	1fce5f61a82a1ed5f949f14004027270adc0bffc	../wordgard/test/test-selection.ts:88-94	none; external-source semantic audit		node docs/editor-issue-harvester/wordgard/full/build-closure-ledger.mjs	2026-08-01T13:53:58.862Z	Add editable inline-plot cursor entry, edit, and exit browser coverage.	Error when moving cursor through inline plot	https://code.haverbeke.berlin/wordgard/wordgard/issues/25	Cursor entry/exit through an inline plot with inline content produced an index error and blocked editing.	WG-STATE-011A; WG-STATE-011B; WG-VIEW-006A	Fixed. TextblockMap.toIndex clips and advances atom/structural sections without the prior negative-offset error.	../wordgard/src/state/textblock.ts:100-120	Selection unit tests cover inline-content nodes, but no exact browser editing/cursor regression for the reported plot exists.	../wordgard/test/test-selection.ts:88-94	yes	Qualifies the textblock-projection proof: the mechanism is present, but nested inline-content browser behavior has only adjacent coverage.	827d19112a0f7efeef54090418302d203e29282a5f159a08ee15ef1e086817dc	33583c970b5e60e5f7a9d1635b3e109190c3dec8fdaaa03076d31225bfd0c6a9	1056c95a6d14793a66780f888e8b39b236002f175046d6573315af007ff3f858	3
[x]	26	CLOSED	yes	fixed	external-framework	deferred-with-owner	The exact upstream test source exists, but no run executes it against frozen-head runtime artifacts.		wordgard@8fd8880d1a16bc6306b1e59f8649b1d9021e3d1e	8fd8880d1a16bc6306b1e59f8649b1d9021e3d1e	8fd8880d1a16bc6306b1e59f8649b1d9021e3d1e	../wordgard/test/webtest-serialize.ts:219-262	none; external-source semantic audit		node docs/editor-issue-harvester/wordgard/full/build-closure-ledger.mjs	2026-08-01T13:53:58.862Z	Repair the current build, resolve test imports to rebuilt current-head output, and rerun the exact row with module-resolution proof.	Pasting code from vscode to wordgard editor cause an error.	https://code.haverbeke.berlin/wordgard/wordgard/issues/26	Pasting VS Code block HTML could crash parse.slice and corrupt the rendered editor.	WG-DOC-015C; WG-VIEW-010C2	Fixed. Slice parsing avoids closing the top parse context and chooses a block parent when unmatched input contains multiple blocks.	../wordgard/src/doc/parse.ts:281-293; ../wordgard/src/doc/parse.ts:522-552	Exact parser regression source covers multiple unmatched block elements. The observed 733-test run imported ignored dist built at 01eb2b5, seven commits behind frozen head, so it is not current-head execution proof.	../wordgard/test/webtest-serialize.ts:219-262	yes	Downgrades current-head parser proof to partial: fixed source and exact regression source exist, but the only observed execution is stale-dist.	f093d9be40a951036b5740d13443eb6abdf3177e847c24a09795c430eebb539e	12a9af1a131b536c620ad58558b52434cec018a7b3e4e96e28b25f971903f9d9	a274319d00b199ccb715a8bfa0d8e2e5f8556daa1182225d132c41c9a19ac4df	3
[x]	27	OPEN	yes	open	external-framework	deferred-with-owner	A one-paragraph donor issue is insufficient evidence for a Plate/Plite public API.						none; external-source semantic audit		node docs/editor-issue-harvester/wordgard/full/build-closure-ledger.mjs	2026-08-01T13:53:58.862Z	Defer for research; gather concrete menu, keyboard, screen-reader, and help-surface requirements before API design.	Make key bindings discoverable, somehow	https://code.haverbeke.berlin/wordgard/wordgard/issues/27	Active key bindings are not discoverable to pointer, keyboard, or screen-reader users.	WG-CMD-004B; WG-VIEW-014B	Open. Key bindings compile into handlers and menu items expose descriptions, but menu metadata does not link active shortcuts and there is no binding-help surface.	../wordgard/src/command/menu.ts:16-68; ../wordgard/src/editor/keymap.ts:1-180	No discoverability/accessibility implementation or proof exists.	../wordgard/src/command/menu.ts:39-42	yes	Adds an issue-derived accessibility requirement for resolved active-shortcut metadata and discovery, while retaining insufficient evidence for a public API.	229d189c9ea7138c651f1a120e3673885339982e604085fc890269212ca5c46c	4f53cda18c2baa0c0354bb5f9a3ecbe5ed12ab4d8e11ba873c2f11161202b945	5d2a985a7a6851870d269de03ece41c38368a3bb3edcdc707441d43b87fa0c2c	0
[x]	28	CLOSED	yes	fixed	external-framework	deferred-with-owner	Source guard exists; recovery integrity is explicitly unproved.		wordgard@4a04555e4230f55d2866ff191343bbd223e0c6dc	4a04555e4230f55d2866ff191343bbd223e0c6dc	4a04555e4230f55d2866ff191343bbd223e0c6dc	../wordgard/test/webtest-editor.ts:59-69	none; external-source semantic audit		node docs/editor-issue-harvester/wordgard/full/build-closure-ledger.mjs	2026-08-01T13:53:58.862Z	Inject failures in takeDirty, projection, plugin update, read, and write phases and assert the intended recovery contract.	Editor silently stops applying input after an exception during flush()	https://code.haverbeke.berlin/wordgard/wordgard/issues/28	An exception before the flush try/finally stranded the editor in flushing state and rejected every later dispatch.	WG-VIEW-002; WG-VIEW-016A	Fixed narrowly. takeDirty and viewState.flush now run inside try/finally, so the flushing flag is restored; the maintainer explicitly warns that a mid-update exception may still leave corrupted editor state.	../wordgard/src/editor/editor.ts:200-235	No regression injects a pre-update flush exception and proves recovery or state integrity.	../wordgard/test/webtest-editor.ts:59-69	yes	Downgrades any broad fault-recovery reading: Wordgard restores the scheduler flag, not transactional editor state.	e80d1508f5b7807f8e7810f73177f8ead2a3e3ec89255b5e88a28bf1bf88dbce	432cd995f00e72cb238427a48496ccda9268c2f61645f46b2f0af29f3785c807	69451124897f4d2241221c0004421934eea48bb77dd5bcb49b792bc3b739c65a	4
[x]	29	CLOSED	yes	fixed	external-framework	deferred-with-owner	Source fix and adjacent tests exist; the exact root mutation is untested.		wordgard/timeline-orphan@b518ddb13a9eba1b34fc99fa2223e6a288127f14; wordgard@3f13e9f51d0ef2d08b000c5edf16cfed219dce1c	b518ddb13a9eba1b34fc99fa2223e6a288127f14; 3f13e9f51d0ef2d08b000c5edf16cfed219dce1c	b518ddb13a9eba1b34fc99fa2223e6a288127f14; 3f13e9f51d0ef2d08b000c5edf16cfed219dce1c	../wordgard/test/webtest-editor.ts:35-57	none; external-source semantic audit		node docs/editor-issue-harvester/wordgard/full/build-closure-ledger.mjs	2026-08-01T13:53:58.862Z	Add a root attribute mutation row and document facet ownership.	Setting any attribute on `contentDOM` crashes mutation processing	https://code.haverbeke.berlin/wordgard/wordgard/issues/29	Direct attribute writes on contentDOM crashed MutationObserver processing at the root tile.	WG-VIEW-008A; WG-VIEW-013D	Fixed. Root-tile attribute mutations are ignored; the supported ownership path remains the contentAttributes facet, which may overwrite direct embedder writes.	../wordgard/src/editor/domobserver.ts:198-222; ../wordgard/src/editor/editor.ts:321-327	Tests cover facet-provided content attributes and child attribute repair, not a direct root contentDOM mutation.	../wordgard/test/webtest-editor.ts:35-57	yes	Clarifies ownership: root attributes are declarative facet state, while direct host mutations are tolerated but not authoritative.	868019918cfa73464ea1ba151aa3c18a5bf440782d2cccfcd9e4cd0cdd3bdb4c	a6f27f62491698c0a679d320eaca47fbe2f04b83c8d6092677f87a0e2e064128	a72b7866e9ba39893b96520b32297c1bdf1437edce68ab6fea05833f0842f3ed	5
[x]	30	CLOSED	yes	fixed	external-framework	deferred-with-owner	Source fix exists without exact retained proof.		wordgard@c715d4ded8fc780f52c13206e589ea31e4148dd4	c715d4ded8fc780f52c13206e589ea31e4148dd4	c715d4ded8fc780f52c13206e589ea31e4148dd4	../wordgard/test/webtest-content.ts:397-413	none; external-source semantic audit		node docs/editor-issue-harvester/wordgard/full/build-closure-ledger.mjs	2026-08-01T13:53:58.862Z	Add direct compare symmetry and wrapper-added-style browser assertions.	Attributes.compare doesn't score attributes that only exist in the new element	https://code.haverbeke.berlin/wordgard/wordgard/issues/30	Attributes.compare ignored attributes present only in the new element, preventing wrapper restyling.	WG-DOC-014A; WG-VIEW-005C1	Fixed at the frozen head. The comparison now penalizes unmatched attributes after the old list is exhausted.	../wordgard/src/doc/shape.ts:266-299	No exact Attributes.compare or added-attribute wrapper regression was added with the fix.	../wordgard/test/webtest-content.ts:397-413	no	The frozen source includes the fix; issue #31, not this closed row, changes the decoration-invalidation verdict.	f24647facb4795215a47b0708ee44d112f6573b49b1b44ad413ec9819fe3c815	3be3c432c0f2be70558b4289354ac086ee360f14d46c71da93cbd6215c164932	8edde73fab91609bca451b3da005ea936cd335c59898eb149fe47bfb4efc5a0e	3
[x]	31	OPEN	yes	open	external-framework	deferred-with-owner	The donor bug has an exact reproduction and remains open; this audit must record rather than patch it.					../wordgard/test/webtest-content.ts:259-395	none; external-source semantic audit		node docs/editor-issue-harvester/wordgard/full/build-closure-ledger.mjs	2026-08-01T13:53:58.862Z	Fix the open-range comparison and retain the issue reproduction as a browser regression.	RangeSet.compareRange misses ranges that start before the compared window	https://code.haverbeke.berlin/wordgard/wordgard/issues/31	RangeSet.compareRange skips a range that starts before the compared window and extends into it.	WG-VIEW-005C1; LOCAL-LAYOUT-GEOMETRY	Open and reproduced by inspection at the frozen head. Both scans start at the first range whose start is inside the window, so an already-open range is omitted.	../wordgard/src/editor/decoration.ts:849-880; ../wordgard/src/editor/decoration.ts:989-1035	The exact issue is absent from retained Chrome test source, and the observed 733-test execution resolved stale dist; neither proves spanning-range invalidation at frozen head.	../wordgard/test/webtest-content.ts:259-395	yes	Material downgrade: Wordgard decoration invalidation is partial with a known correctness defect, and pagination-style wrapper reuse cannot cite it as exact.	f48dbf20558441b26c1a499825f799ebe7f44032981a3141711206f311123e8c	4f53cda18c2baa0c0354bb5f9a3ecbe5ed12ab4d8e11ba873c2f11161202b945	51cfedac5b0128746710a884afca6e828edc13636d2d07416cbdd4121368be06	0
[x]	32	OPEN	yes	open	external-framework	deferred-with-owner	Exact current source failure belongs to Wordgard and blocks release-quality proof.		introduced-by wordgard@4082fc3				none; external-source semantic audit		node docs/editor-issue-harvester/wordgard/full/build-closure-ledger.mjs	2026-08-01T13:53:58.862Z	Repair schema exports/imports and make bin/build.ts propagate typecheck failure.	main doesn't build: unresolved names in src/schema/code.ts	https://code.haverbeke.berlin/wordgard/wordgard/issues/32	The frozen main branch does not typecheck because schema/code.ts has unresolved names and schema/index.ts exports a missing symbol.	WG-META-001; WG-META-002; WG-PRODUCT-002	Open and directly reproduced. enter and CodeBlockLanguage are not imported, codeBlockLanguage is not defined, and InputRule is unused.	../wordgard/src/schema/code.ts:1-56; ../wordgard/src/schema/index.ts:10-13	npx tsc --noEmit fails with five errors. npm run prepare prints the same failure but exits zero, so the build script is false-green.	../wordgard/src/schema/code.ts:1-56; ../wordgard/src/schema/index.ts:10-13; ../wordgard/bin/build.ts:1-120	yes	Material downgrade: current Wordgard build/declaration/package proof is failed, and prepare cannot be treated as a trustworthy gate.	24f7a7512fb04ce9521e47615bac5cf87866130c79b003cb8489778a11dd1b7c	4f53cda18c2baa0c0354bb5f9a3ecbe5ed12ab4d8e11ba873c2f11161202b945	88eb0ee599a3119947a28f72ec85bafe5804717901db13ceaf97e4266b9fff0c	0
[x]	33	OPEN	yes	open	docs-support-release	deferred-with-owner	Open website integration bug; no local Plate/Plite source change is authorized.						none; external-source semantic audit		node docs/editor-issue-harvester/wordgard/full/build-closure-ledger.mjs	2026-08-01T13:53:58.862Z	Choose mark projection and tooltip arbitration ownership, then add the reported interaction row.	Adding link on footnote superscript has buggy tooltips	https://code.haverbeke.berlin/wordgard/wordgard/issues/33	Applying a link to a footnote superscript can create overlapping outer-link and nested-footnote tooltips with unstable interaction.	WG-PRODUCT-003D2; WG-VIEW-014C1; WG-INTEGRATION-NESTED-001	Open. Link tooltip computation accepts any linked node before the cursor, while the footnote example separately projects a tooltip-hosted inner editor; neither owner excludes or coordinates the other.	../wordgard/src/schema/link.ts:45-73; ../wordgard-website/site/examples/footnote/footnote.ts:52-160	The issue contains manual visual evidence; no nested-tooltip interaction test exists.	../wordgard-website/site/examples/footnote/footnote.ts:52-160	yes	Adds a concrete nested-editor/tooltip ownership defect; the footnote example is not complete integration proof.	52c258cf342d76dc43a2d7dccf4c5ad14b6c54f0bd2255011b57fd6cf6baf544	b6c738d5da2a8eba98dd0c9a17455a17c9cf6c9a70fd452545ba806e58cf77db	a08d3c7bf2c93610396210de4b1493d4d8a2506095c73e156470ea59252074da	2
[x]	34	OPEN	yes	open	external-framework	deferred-with-owner	Open donor API/product decision.						none; external-source semantic audit		node docs/editor-issue-harvester/wordgard/full/build-closure-ledger.mjs	2026-08-01T13:53:58.862Z	Decide true modal versus explicitly non-modal semantics and prove focus, inertness, cancellation, and layout stability.	Suggestion: Make dialogs more modal	https://code.haverbeke.berlin/wordgard/wordgard/issues/34	Dialogs are non-modal panels, so the editor, selection, and other controls remain mutable while a dialog awaits resolution.	WG-VIEW-014A2	Open. Dialog.show appends panel constructors to a field and renders a custom wg-dialog element; it does not use HTMLDialogElement, inert state, or selection/update locking.	../wordgard/src/editor/dialog.ts:37-108; ../wordgard/src/editor/dialog.ts:110-180	Manual issue evidence only; no modal focus/inertness test exists.	../wordgard/src/editor/dialog.ts:110-180	yes	Downgrades Wordgard dialogs from a complete dialog contract to a panel/promise primitive without modal interaction guarantees.	d328bc01c55a18227adfa875509c30b88dc759cf6a1d3a186b1e81f3dde4a411	33389c132c13b6e99d878ec169373fec7e272686db52998c5c792ce1301c8689	6ff0decb8f68737a9730de19219e9aa2ba2d6c472a20a922f72d3c35634cb2ba	1
[x]	35	OPEN	yes	open	external-framework	deferred-with-owner	Open donor product request, not a current invariant.						none; external-source semantic audit		node docs/editor-issue-harvester/wordgard/full/build-closure-ledger.mjs	2026-08-01T13:53:58.862Z	None for Plate/Plite without a separate product/API decision.	Suggestion: Make link editor a tooltip instead of dialog	https://code.haverbeke.berlin/wordgard/wordgard/issues/35	The link editor is a top panel dialog rather than an anchored editable tooltip.	WG-PRODUCT-003D1B; WG-PRODUCT-003D2; WG-VIEW-014C1	Open preference request. Link creation/editing uses Dialog.show; the existing link tooltip only renders the target as a read-only anchor.	../wordgard/src/schema/link.ts:8-42; ../wordgard/src/schema/link.ts:45-98	No editable link-tooltip implementation or proof exists.	../wordgard/src/schema/link.ts:45-98	no	Product taste request; it does not establish a superior reusable mechanism by itself.	be5757cbdd4ab568558d5e8e2a97c453d79ff904b8c645e26e9185c360d8b155	4f53cda18c2baa0c0354bb5f9a3ecbe5ed12ab4d8e11ba873c2f11161202b945	1074f442744428af2ad85bafc53fd8170b7682fdb17fd036d5c9143017f84744	0
