issue_number	number	kind	state	merged	title	url	created_at	updated_at	delta_kind	classification	owner	status	reason	linked_prs	upstream_test_provenance	local_coverage	local_test	verification_command	last_checked_at	next_action
3556	3556	issue	closed	false	Unable to find the path for Slate node:	https://github.com/ianstormtaylor/slate/issues/3556	2020-03-21T08:41:59Z	2026-07-02T19:49:24Z	materially-updated-after-baseline	portable-dom-resolution	slate-v2	covered-by-existing-test	Merged PR #6080 made target-range path lookup recoverable; Plite already separates nullable bridge recovery from strict APIs.	6080	PR #6080 changed Editable and slate-dom resolution without adding a test.	Exact nullable-versus-strict DOM bridge contract.	packages/plite-dom/test/bridge.ts:411	pnpm --filter @platejs/plite-dom exec bun test --preload ../../config/plite-source-test-setup.ts ./test/bridge.ts --test-name-pattern 'resolves recoverable DOM bridge gaps'	2026-08-14T11:21:25.836091Z	Keep the resolver contract; no transplant.
5130	5130	issue	open	false	Android Predictive typing broken - Firefox	https://github.com/ianstormtaylor/slate/issues/5130	2022-09-21T11:11:37Z	2026-06-01T11:48:06Z	materially-updated-after-baseline	portable-mobile-ime	slate-v2	needs-repro	Firefox Android predictive typing is device and IME specific; synthetic Android contracts cannot close the raw-device claim.		No linked merged PR or upstream regression test.	Adjacent synthetic Android input-manager coverage only.	packages/plite-react/test/android-input-manager-contract.test.ts	bun test:mobile-device-proof:raw	2026-08-14T11:21:25.836091Z	Reproduce on a real Firefox Android device before choosing a fix.
5801	5801	pull_request	closed	false	Update to React 19	https://github.com/ianstormtaylor/slate/pull/5801	2025-01-27T22:12:32Z	2026-07-19T05:15:45Z	materially-updated-after-baseline	tooling-non-behavior	docs-support-release	invalid-skip	tooling maintenance does not define a portable editor-behavior regression.		Hydrated PR metadata and file list show no decision-atomic editor behavior test.	N/A: outside editor behavior harvest.			2026-08-14T11:21:25.836091Z	No editor audit action.
5869	5869	pull_request	closed	false	chore(deps): bump elliptic from 6.5.4 to 6.6.1	https://github.com/ianstormtaylor/slate/pull/5869	2025-05-14T14:22:31Z	2026-07-09T21:42:52Z	materially-updated-after-baseline	security-non-behavior	docs-support-release	invalid-skip	security maintenance does not define a portable editor-behavior regression.		Hydrated PR metadata and file list show no decision-atomic editor behavior test.	N/A: outside editor behavior harvest.			2026-08-14T11:21:25.836091Z	Leave dependency and advisory handling to the security/release lane.
5974	5974	issue	closed	false	chrome devtools emulator iPhone devices can't input Chinese charaters.	https://github.com/ianstormtaylor/slate/issues/5974	2025-11-19T11:25:58Z	2026-06-22T04:00:12Z	materially-updated-after-baseline	portable-mobile-ime	slate-v2	needs-repro	The issue closed without a merged fix; an emulator report and a commenter workaround do not prove current behavior.		No linked merged PR or durable upstream test.	Composition contracts are adjacent, not an iPhone-emulator Chinese-input reproduction.	packages/plite-react/test/composition-state-contract.test.ts	bun test:mobile-device-proof:raw	2026-08-14T11:21:25.836091Z	Reproduce only if mobile composition enters the selected work queue.
5987	5987	issue	closed	false	Caret jumps to wrong position when decorate callback changes from async state update	https://github.com/ianstormtaylor/slate/issues/5987	2025-12-09T21:40:37Z	2026-06-30T17:27:13Z	materially-updated-after-baseline	portable-decoration-selection	slate-v2	covered-by-existing-test	Merged PR #6033 adds the async-decoration caret regression and Plite has the same browser behavior row.	6033	playwright/integration/examples/code-highlighting.test.ts in PR #6033.	Exact async decoration caret and composition browser proof.	apps/plite/tests/plite-browser/donor/examples/decorations-async.test.ts	pnpm --filter plite test:plite-browser:chromium tests/plite-browser/donor/examples/decorations-async.test.ts	2026-08-14T11:21:25.836091Z	Keep the existing browser row.
6003	6003	pull_request	open	false	Fix and Type Tests (and some type errors I found along the way)	https://github.com/ianstormtaylor/slate/pull/6003	2026-01-19T20:22:41Z	2026-06-27T20:26:51Z	materially-updated-after-baseline	broad-type-surface	needs-plan	deferred-with-owner	The still-open 167-file PR mixes type tests and unrelated corrections; it is not a decision-atomic portable test slice.		PR files and checks hydrated; no merged authority.	Plite type inference is owned by its public API contracts, not this bulk patch.			2026-08-14T11:21:25.836091Z	Split into atomic API questions before any best-api review.
6025	6025	pull_request	closed	false	chore(deps): bump flatted from 3.2.6 to 3.4.2	https://github.com/ianstormtaylor/slate/pull/6025	2026-03-20T16:10:44Z	2026-07-09T21:42:30Z	materially-updated-after-baseline	security-non-behavior	docs-support-release	invalid-skip	security maintenance does not define a portable editor-behavior regression.		Hydrated PR metadata and file list show no decision-atomic editor behavior test.	N/A: outside editor behavior harvest.			2026-08-14T11:21:25.836091Z	Leave dependency and advisory handling to the security/release lane.
6031	6031	pull_request	closed	false	chore(deps): bump picomatch from 2.3.0 to 2.3.2	https://github.com/ianstormtaylor/slate/pull/6031	2026-03-25T22:06:11Z	2026-07-09T21:42:31Z	materially-updated-after-baseline	security-non-behavior	docs-support-release	invalid-skip	security maintenance does not define a portable editor-behavior regression.		Hydrated PR metadata and file list show no decision-atomic editor behavior test.	N/A: outside editor behavior harvest.			2026-08-14T11:21:25.836091Z	Leave dependency and advisory handling to the security/release lane.
6032	6032	pull_request	closed	false	chore(deps): bump handlebars from 4.7.8 to 4.7.9	https://github.com/ianstormtaylor/slate/pull/6032	2026-03-26T22:59:13Z	2026-07-09T21:42:32Z	materially-updated-after-baseline	security-non-behavior	docs-support-release	invalid-skip	security maintenance does not define a portable editor-behavior regression.		Hydrated PR metadata and file list show no decision-atomic editor behavior test.	N/A: outside editor behavior harvest.			2026-08-14T11:21:25.836091Z	Leave dependency and advisory handling to the security/release lane.
6033	6033	pull_request	closed	true	Fix caret jumping to wrong position when decorations restructure DOM #5987	https://github.com/ianstormtaylor/slate/pull/6033	2026-03-27T07:21:25Z	2026-06-30T17:27:12Z	materially-updated-after-baseline	portable-decoration-selection	slate-v2	covered-by-existing-test	Merged async-decoration caret fix maps exactly to Plite browser proof.	6033	playwright/integration/examples/code-highlighting.test.ts.	Exact async decoration caret and composition browser proof.	apps/plite/tests/plite-browser/donor/examples/decorations-async.test.ts	pnpm --filter plite test:plite-browser:chromium tests/plite-browser/donor/examples/decorations-async.test.ts	2026-08-14T11:21:25.836091Z	Keep the current browser row.
6037	6037	pull_request	closed	false	chore(deps): update lodash to version 4.17.23 across all packages to fix prototype pollution issue	https://github.com/ianstormtaylor/slate/pull/6037	2026-03-30T15:16:36Z	2026-07-09T21:42:23Z	materially-updated-after-baseline	security-non-behavior	docs-support-release	invalid-skip	security maintenance does not define a portable editor-behavior regression.		Hydrated PR metadata and file list show no decision-atomic editor behavior test.	N/A: outside editor behavior harvest.			2026-08-14T11:21:25.836091Z	Leave dependency and advisory handling to the security/release lane.
6039	6039	pull_request	closed	false	perf: add a batch-aware apply engine	https://github.com/ianstormtaylor/slate/pull/6039	2026-03-31T13:37:28Z	2026-06-20T02:18:04Z	materially-updated-after-baseline	fork-specific-batching-architecture	needs-plan	deferred-with-owner	Closed unmerged fork batching engine is the source of the remembered legacy audit, not current upstream Slate law.	6039	Closed unmerged PR with a 109-file branch-specific patch.	Plite has transactions and rollback, but no benchmark proves this engine is the right base.			2026-08-14T11:21:25.836091Z	Require a benchmarked architecture packet before reconsidering mutable batching.
6041	6041	pull_request	closed	false	chore(deps): bump lodash from 4.17.21 to 4.18.1	https://github.com/ianstormtaylor/slate/pull/6041	2026-04-02T10:06:21Z	2026-07-09T21:42:33Z	materially-updated-after-baseline	security-non-behavior	docs-support-release	invalid-skip	security maintenance does not define a portable editor-behavior regression.		Hydrated PR metadata and file list show no decision-atomic editor behavior test.	N/A: outside editor behavior harvest.			2026-08-14T11:21:25.836091Z	Leave dependency and advisory handling to the security/release lane.
6049	6049	pull_request	closed	false	chore(deps): bump follow-redirects from 1.15.6 to 1.16.0	https://github.com/ianstormtaylor/slate/pull/6049	2026-04-14T01:16:57Z	2026-07-09T21:42:33Z	materially-updated-after-baseline	security-non-behavior	docs-support-release	invalid-skip	security maintenance does not define a portable editor-behavior regression.		Hydrated PR metadata and file list show no decision-atomic editor behavior test.	N/A: outside editor behavior harvest.			2026-08-14T11:21:25.836091Z	Leave dependency and advisory handling to the security/release lane.
6050	6050	pull_request	open	false	Basic mutable batching with minimal overhead.	https://github.com/ianstormtaylor/slate/pull/6050	2026-04-15T01:52:35Z	2026-06-26T14:54:18Z	materially-updated-after-baseline	mutable-batching-architecture	needs-plan	deferred-with-owner	Open mutable-batching proposal changes ownership and runtime cost; isolated tests cannot settle adoption.		Open PR; hydrated files, commits, checks, and review threads.	Plite transaction laws cover atomicity, not this mutable representation.			2026-08-14T11:21:25.836091Z	Benchmark against Plite transactions before architecture review.
6053	6053	issue	closed	false	useSelected error when remove myself	https://github.com/ianstormtaylor/slate/issues/6053	2026-04-20T07:59:52Z	2026-07-09T16:33:21Z	materially-updated-after-baseline	portable-react-selection	slate-v2	covered-by-existing-test	Merged PR #6073 prevents selected-element removal from throwing; Plite has exact removal and unmount contracts.	6073	packages/slate-react/test/use-selected.spec.tsx in PR #6073.	Exact selected element removal and explicit watched-path removal.	packages/plite-react/test/use-element-selected.test.tsx:218	pnpm --filter @platejs/plite-react test -- use-element-selected.test.tsx	2026-08-14T11:21:25.836091Z	Keep the current hook contract.
6057	6057	pull_request	closed	false	chore(deps): bump axios from 1.7.4 to 1.16.0	https://github.com/ianstormtaylor/slate/pull/6057	2026-05-06T21:31:29Z	2026-06-17T06:55:24Z	materially-updated-after-baseline	security-non-behavior	docs-support-release	invalid-skip	security maintenance does not define a portable editor-behavior regression.		Hydrated PR metadata and file list show no decision-atomic editor behavior test.	N/A: outside editor behavior harvest.			2026-08-14T11:21:25.836091Z	Leave dependency and advisory handling to the security/release lane.
6058	6058	pull_request	closed	false	chore(deps): bump @babel/plugin-transform-modules-systemjs from 7.23.0 to 7.29.4	https://github.com/ianstormtaylor/slate/pull/6058	2026-05-09T09:18:33Z	2026-07-09T21:42:35Z	materially-updated-after-baseline	security-non-behavior	docs-support-release	invalid-skip	security maintenance does not define a portable editor-behavior regression.		Hydrated PR metadata and file list show no decision-atomic editor behavior test.	N/A: outside editor behavior harvest.			2026-08-14T11:21:25.836091Z	Leave dependency and advisory handling to the security/release lane.
6060	6060	pull_request	closed	false	chore(deps-dev): bump next from 14.2.35 to 15.5.18	https://github.com/ianstormtaylor/slate/pull/6060	2026-05-14T05:31:07Z	2026-07-09T21:42:34Z	materially-updated-after-baseline	security-non-behavior	docs-support-release	invalid-skip	security maintenance does not define a portable editor-behavior regression.		Hydrated PR metadata and file list show no decision-atomic editor behavior test.	N/A: outside editor behavior harvest.			2026-08-14T11:21:25.836091Z	Leave dependency and advisory handling to the security/release lane.
6062	6062	pull_request	closed	true	chore(deps): bump @tootallnate/once from 1.1.2 to 2.0.1	https://github.com/ianstormtaylor/slate/pull/6062	2026-05-21T16:58:47Z	2026-06-17T06:53:40Z	materially-updated-after-baseline	security-non-behavior	docs-support-release	invalid-skip	security maintenance does not define a portable editor-behavior regression.		Hydrated PR metadata and file list show no decision-atomic editor behavior test.	N/A: outside editor behavior harvest.			2026-08-14T11:21:25.836091Z	Leave dependency and advisory handling to the security/release lane.
6063	6063	pull_request	open	false	fix: wrap history withMerging, withNewBatch, and withoutMerging in try/finally to ensure state cleanup on error	https://github.com/ianstormtaylor/slate/pull/6063	2026-05-24T18:11:35Z	2026-05-31T20:05:19Z	created-after-baseline	portable-history-rollback	slate-v2	covered-by-existing-test	The open try/finally cleanup proposal expresses rollback law already enforced by Plite transactions and History.		Open PR changes history helpers; no merged authority.	Exact History redo-discard rollback contract.	packages/plite-history/test/history-contract.ts:1294	pnpm --filter @platejs/plite-history exec bun test --preload ../../config/plite-source-test-setup.ts ./test/history-contract.ts --test-name-pattern 'discards the redo branch'	2026-08-14T11:21:25.836091Z	Keep transaction-owned cleanup.
6065	6065	pull_request	closed	true	Introduce `HyperscriptPointRef` and `HyperscriptRangeRef`	https://github.com/ianstormtaylor/slate/pull/6065	2026-05-29T13:30:45Z	2026-05-29T20:58:00Z	created-after-baseline	portable-hyperscript-harness	slate-v2	deferred-with-owner	Merged PointRef and RangeRef hyperscript helpers are useful test ergonomics, but Plite hyperscript has no equivalent owner.	6065	packages/slate-hyperscript/test fixtures and parser changes in PR #6065.	No PointRef or RangeRef hyperscript mapping found.			2026-08-14T11:21:25.836091Z	Add only when a selected Plite test needs ref-valued hyperscript fixtures.
6066	6066	pull_request	closed	true	Version Packages	https://github.com/ianstormtaylor/slate/pull/6066	2026-05-29T21:01:11Z	2026-05-30T13:49:56Z	created-after-baseline	release-non-behavior	docs-support-release	invalid-skip	release maintenance does not define a portable editor-behavior regression.		Hydrated PR metadata and file list show no decision-atomic editor behavior test.	N/A: outside editor behavior harvest.			2026-08-14T11:21:25.836091Z	No editor audit action.
6067	6067	pull_request	closed	true	docs: add Velt to Extensions and Plugins	https://github.com/ianstormtaylor/slate/pull/6067	2026-06-03T05:33:38Z	2026-06-13T00:13:59Z	created-after-baseline	docs-non-behavior	docs-support-release	invalid-skip	docs maintenance does not define a portable editor-behavior regression.		Hydrated PR metadata and file list show no decision-atomic editor behavior test.	N/A: outside editor behavior harvest.			2026-08-14T11:21:25.836091Z	No editor audit action.
6068	6068	pull_request	closed	false	chore(deps-dev): bump shell-quote from 1.8.1 to 1.8.4	https://github.com/ianstormtaylor/slate/pull/6068	2026-06-17T06:54:52Z	2026-07-09T21:42:35Z	created-after-baseline	security-non-behavior	docs-support-release	invalid-skip	security maintenance does not define a portable editor-behavior regression.		Hydrated PR metadata and file list show no decision-atomic editor behavior test.	N/A: outside editor behavior harvest.			2026-08-14T11:21:25.836091Z	Leave dependency and advisory handling to the security/release lane.
6069	6069	pull_request	closed	false	chore(deps-dev): bump @babel/core from 7.23.2 to 7.29.6	https://github.com/ianstormtaylor/slate/pull/6069	2026-06-17T06:54:52Z	2026-07-09T21:42:36Z	created-after-baseline	security-non-behavior	docs-support-release	invalid-skip	security maintenance does not define a portable editor-behavior regression.		Hydrated PR metadata and file list show no decision-atomic editor behavior test.	N/A: outside editor behavior harvest.			2026-08-14T11:21:25.836091Z	Leave dependency and advisory handling to the security/release lane.
6070	6070	pull_request	closed	false	chore(deps): bump form-data from 4.0.0 to 4.0.6	https://github.com/ianstormtaylor/slate/pull/6070	2026-06-17T06:55:09Z	2026-07-09T21:42:35Z	created-after-baseline	security-non-behavior	docs-support-release	invalid-skip	security maintenance does not define a portable editor-behavior regression.		Hydrated PR metadata and file list show no decision-atomic editor behavior test.	N/A: outside editor behavior harvest.			2026-08-14T11:21:25.836091Z	Leave dependency and advisory handling to the security/release lane.
6071	6071	pull_request	closed	false	chore(deps): bump axios from 1.7.4 to 1.18.0	https://github.com/ianstormtaylor/slate/pull/6071	2026-06-17T06:55:19Z	2026-06-30T17:28:25Z	created-after-baseline	security-non-behavior	docs-support-release	invalid-skip	security maintenance does not define a portable editor-behavior regression.		Hydrated PR metadata and file list show no decision-atomic editor behavior test.	N/A: outside editor behavior harvest.			2026-08-14T11:21:25.836091Z	Leave dependency and advisory handling to the security/release lane.
6072	6072	pull_request	closed	true	fix(slate-dom): propagate suppressThrow to toSlateNode in toSlatePoint	https://github.com/ianstormtaylor/slate/pull/6072	2026-06-19T12:10:52Z	2026-07-09T16:33:03Z	created-after-baseline	portable-dom-resolution	slate-v2	covered-by-existing-test	Suppress-throw propagation maps to Plite nullable-versus-strict bridge behavior.	6072	Merged source fix without a new test.	Exact nullable-versus-strict DOM bridge contract.	packages/plite-dom/test/bridge.ts:411	pnpm --filter @platejs/plite-dom exec bun test --preload ../../config/plite-source-test-setup.ts ./test/bridge.ts --test-name-pattern 'resolves recoverable DOM bridge gaps'	2026-08-14T11:21:25.836091Z	Keep the current resolver contract.
6073	6073	pull_request	closed	true	fix(slate-react): prevent useSelected from throwing when element is removed	https://github.com/ianstormtaylor/slate/pull/6073	2026-06-27T12:27:12Z	2026-07-09T16:33:20Z	created-after-baseline	portable-react-selection	slate-v2	covered-by-existing-test	Selected-element removal maps to exact Plite hook contracts.	6073	packages/slate-react/test/use-selected.spec.tsx.	Exact removal and unmount coverage.	packages/plite-react/test/use-element-selected.test.tsx:218	pnpm --filter @platejs/plite-react test -- use-element-selected.test.tsx	2026-08-14T11:21:25.836091Z	Keep the current hook contract.
6074	6074	pull_request	closed	true	Treat Indic conjunct clusters as a single grapheme (UAX #29 GB9c)	https://github.com/ianstormtaylor/slate/pull/6074	2026-06-28T17:29:42Z	2026-07-09T16:25:25Z	created-after-baseline	portable-unicode-grapheme	slate-v2	covered-by-existing-test	Indic conjunct GB9c behavior is already asserted for Tamil and Devanagari deletion units.	6074	packages/slate/test/interfaces/editor/delete-backward/character/indic-conjunct.js.	Exact Indic grapheme unit cases and deletion loops.	packages/plite/test/text-units-contract.ts:25	pnpm --filter @platejs/plite exec bun test --preload ../../config/plite-source-test-setup.ts ./test/text-units-contract.ts	2026-08-14T11:21:25.836091Z	Keep Intl.Segmenter-backed contracts.
6075	6075	pull_request	closed	true	Upgrade lerna 7→9 and nx 16→22 to fix Netlify install on Node 24	https://github.com/ianstormtaylor/slate/pull/6075	2026-06-30T15:28:15Z	2026-06-30T17:26:09Z	created-after-baseline	tooling-non-behavior	docs-support-release	invalid-skip	tooling maintenance does not define a portable editor-behavior regression.		Hydrated PR metadata and file list show no decision-atomic editor behavior test.	N/A: outside editor behavior harvest.			2026-08-14T11:21:25.836091Z	No editor audit action.
6076	6076	pull_request	closed	true	Fix prettier formatting on main	https://github.com/ianstormtaylor/slate/pull/6076	2026-06-30T17:37:26Z	2026-06-30T17:37:36Z	created-after-baseline	tooling-non-behavior	docs-support-release	invalid-skip	tooling maintenance does not define a portable editor-behavior regression.		Hydrated PR metadata and file list show no decision-atomic editor behavior test.	N/A: outside editor behavior harvest.			2026-08-14T11:21:25.836091Z	No editor audit action.
6077	6077	pull_request	closed	true	Version Packages	https://github.com/ianstormtaylor/slate/pull/6077	2026-06-30T17:40:27Z	2026-06-30T19:40:55Z	created-after-baseline	release-non-behavior	docs-support-release	invalid-skip	release maintenance does not define a portable editor-behavior regression.		Hydrated PR metadata and file list show no decision-atomic editor behavior test.	N/A: outside editor behavior harvest.			2026-08-14T11:21:25.836091Z	No editor audit action.
6078	6078	pull_request	closed	true	Fix Firefox contenteditable break from decoration forceUpdate	https://github.com/ianstormtaylor/slate/pull/6078	2026-06-30T18:20:03Z	2026-06-30T18:25:38Z	created-after-baseline	portable-decoration-selection	slate-v2	covered-by-existing-test	Firefox decoration rerender safety is covered by the async-decoration browser suite.	6078	Merged one-file runtime fix without a new test.	Browser decoration caret and composition proof.	apps/plite/tests/plite-browser/donor/examples/decorations-async.test.ts	pnpm --filter plite test:plite-browser:chromium tests/plite-browser/donor/examples/decorations-async.test.ts	2026-08-14T11:21:25.836091Z	Keep the current browser row.
6079	6079	pull_request	closed	true	Add changeset for Firefox decoration input fix (#6078)	https://github.com/ianstormtaylor/slate/pull/6079	2026-06-30T18:27:27Z	2026-06-30T18:27:37Z	created-after-baseline	release-non-behavior	docs-support-release	invalid-skip	release maintenance does not define a portable editor-behavior regression.		Hydrated PR metadata and file list show no decision-atomic editor behavior test.	N/A: outside editor behavior harvest.			2026-08-14T11:21:25.836091Z	No editor audit action.
6080	6080	pull_request	closed	true	Suppress findPath throw when translating beforeinput target ranges in Editable (#3556)	https://github.com/ianstormtaylor/slate/pull/6080	2026-07-02T15:18:05Z	2026-07-09T16:33:31Z	created-after-baseline	portable-dom-resolution	slate-v2	covered-by-existing-test	Recoverable beforeinput target-range lookup maps to Plite nullable bridge and selection reconciliation.	6080	Merged source fix for issue #3556 without a new test.	Exact nullable bridge recovery contract.	packages/plite-dom/test/bridge.ts:411	pnpm --filter @platejs/plite-dom exec bun test --preload ../../config/plite-source-test-setup.ts ./test/bridge.ts --test-name-pattern 'resolves recoverable DOM bridge gaps'	2026-08-14T11:21:25.836091Z	Keep the current resolver contract.
6081	6081	pull_request	closed	false	chore(deps): bump ws from 8.18.0 to 8.21.0	https://github.com/ianstormtaylor/slate/pull/6081	2026-07-09T21:38:31Z	2026-07-09T21:42:36Z	created-after-baseline	security-non-behavior	docs-support-release	invalid-skip	security maintenance does not define a portable editor-behavior regression.		Hydrated PR metadata and file list show no decision-atomic editor behavior test.	N/A: outside editor behavior harvest.			2026-08-14T11:21:25.836091Z	Leave dependency and advisory handling to the security/release lane.
6082	6082	pull_request	closed	true	Version Packages	https://github.com/ianstormtaylor/slate/pull/6082	2026-07-09T21:46:01Z	2026-07-09T23:09:13Z	created-after-baseline	release-non-behavior	docs-support-release	invalid-skip	release maintenance does not define a portable editor-behavior regression.		Hydrated PR metadata and file list show no decision-atomic editor behavior test.	N/A: outside editor behavior harvest.			2026-08-14T11:21:25.836091Z	No editor audit action.
6083	6083	pull_request	closed	true	Allow `null` in the types for `Transforms.setNodes`	https://github.com/ianstormtaylor/slate/pull/6083	2026-07-10T15:17:03Z	2026-07-29T05:06:50Z	created-after-baseline	reference-api-shape-rejected	needs-plan	deferred-with-owner	Slate types null as implicit property removal; Plite deliberately exposes unsetNodes instead of overloading setNodes.	6083	Merged type and fixture changes.	Explicit unsetNodes API owns removal semantics.	packages/plite/src/transforms-node/unset-nodes.ts		2026-08-14T11:21:25.836091Z	Keep the explicit API unless best-api selects null-as-unset.
6084	6084	pull_request	open	false	fix(slate-react): keep the DOM in sync when a native insertText is a no-op	https://github.com/ianstormtaylor/slate/pull/6084	2026-07-19T03:07:40Z	2026-07-19T03:07:46Z	created-after-baseline	portable-native-input	slate-v2	needs-repro	The open PR adds two browser regressions for native insertText that makes no model change; no exact Plite no-op browser row was found.		playwright/integration/examples/insert-text-noop*.test.ts in open PR #6084.	Adjacent repair and same-path insert contracts do not prove DOM restoration after a semantic no-op.	packages/plite-react/test/dom-repair-policy-contract.test.ts		2026-08-14T11:21:25.836091Z	Reproduce the two upstream scenarios in the Plite browser harness before implementing.
6085	6085	pull_request	open	false	chore(deps-dev): bump shell-quote from 1.8.1 to 1.9.0	https://github.com/ianstormtaylor/slate/pull/6085	2026-07-20T23:04:30Z	2026-07-20T23:04:39Z	created-after-baseline	security-non-behavior	docs-support-release	invalid-skip	security maintenance does not define a portable editor-behavior regression.		Hydrated PR metadata and file list show no decision-atomic editor behavior test.	N/A: outside editor behavior harvest.			2026-08-14T11:21:25.836091Z	Leave dependency and advisory handling to the security/release lane.
6086	6086	issue	open	false	Chrome: queued selectionchange can overwrite a programmatic expanded selection	https://github.com/ianstormtaylor/slate/issues/6086	2026-07-22T16:59:10Z	2026-07-22T16:59:10Z	created-after-baseline	portable-selection-origin	slate-v2	covered-by-existing-test	Plite records selection origin and rejects queued native selectionchange when model-owned programmatic selection is authoritative.		Open issue; no upstream fix or test.	Exact native-only import and model-owned programmatic selectionchange contracts.	packages/plite-react/test/selection-controller-contract.ts:971	pnpm --filter @platejs/plite-react exec bun test --preload ../../config/plite-source-test-setup.ts ./test/selection-controller-contract.ts --test-name-pattern 'DOM selectionchange import|model-owned collapsed'	2026-08-14T11:21:25.836091Z	Track upstream outcome; no local test gap.
6087	6087	issue	open	false	Add consistent tooltip support to all toolbar buttons that currently do not display their names when hovered over.	https://github.com/ianstormtaylor/slate/issues/6087	2026-07-25T16:55:43Z	2026-07-25T18:12:08Z	created-after-baseline	plate-product-ui	plate	deferred-with-owner	The request names Plate.js toolbar buttons and is filed in the wrong upstream repository; it is not a Slate editor-kernel behavior.		No Slate implementation or test provenance.	N/A: Plate toolbar product policy.			2026-08-14T11:21:25.836091Z	Route to the Plate UI owner if selected; do not create a Slate-v2 regression test.
6088	6088	pull_request	closed	true	Version Packages	https://github.com/ianstormtaylor/slate/pull/6088	2026-07-29T05:10:16Z	2026-08-06T19:13:41Z	created-after-baseline	release-non-behavior	docs-support-release	invalid-skip	release maintenance does not define a portable editor-behavior regression.		Hydrated PR metadata and file list show no decision-atomic editor behavior test.	N/A: outside editor behavior harvest.			2026-08-14T11:21:25.836091Z	No editor audit action.
6089	6089	pull_request	open	false	chore(deps-dev): bump next from 14.2.35 to 15.5.21	https://github.com/ianstormtaylor/slate/pull/6089	2026-07-29T21:00:10Z	2026-07-29T21:00:14Z	created-after-baseline	security-non-behavior	docs-support-release	invalid-skip	security maintenance does not define a portable editor-behavior regression.		Hydrated PR metadata and file list show no decision-atomic editor behavior test.	N/A: outside editor behavior harvest.			2026-08-14T11:21:25.836091Z	Leave dependency and advisory handling to the security/release lane.
6090	6090	pull_request	open	false	chore(deps): bump ip-address from 10.2.0 to 10.4.0	https://github.com/ianstormtaylor/slate/pull/6090	2026-08-03T23:48:14Z	2026-08-03T23:48:17Z	created-after-baseline	security-non-behavior	docs-support-release	invalid-skip	security maintenance does not define a portable editor-behavior regression.		Hydrated PR metadata and file list show no decision-atomic editor behavior test.	N/A: outside editor behavior harvest.			2026-08-14T11:21:25.836091Z	Leave dependency and advisory handling to the security/release lane.
6091	6091	pull_request	open	false	Implement custom editor command helpers	https://github.com/ianstormtaylor/slate/pull/6091	2026-08-04T07:09:03Z	2026-08-05T15:49:08Z	created-after-baseline	portable-command-api	slate-v2	covered-by-existing-test	The docs-only Slate helper proposal is subsumed by Plite defineCommand, typed handlers, routing, recursion, and decline semantics.		Open docs-only PR; no Slate runtime or test change.	Typed semantic command contract.	packages/plite/test/command-spec.test.ts	pnpm --filter @platejs/plite test -- command-spec.test.ts	2026-08-14T11:21:25.836091Z	Keep Plite command ownership; do not copy the docs helper shape.
6092	6092	pull_request	closed	true	Deeply compare nested array data structures	https://github.com/ianstormtaylor/slate/pull/6092	2026-08-05T09:42:43Z	2026-08-06T19:14:03Z	created-after-baseline	portable-deep-equality	slate-v2	deferred-with-owner	Merged recursive nested-array comparison exposes a real Plite gap: local deepEqual compares array elements by reference.	6092	packages/slate/test/utils/deep-equal/deep-*-with-array.js.	Primitive arrays only; nested object and array values are unsupported.	packages/plite/src/utils/deep-equal.ts		2026-08-14T11:21:25.836091Z	Open a focused Plite deep-equality test-and-fix slice.
6093	6093	pull_request	open	false	chore(deps): bump undici from 6.27.0 to 6.28.0	https://github.com/ianstormtaylor/slate/pull/6093	2026-08-05T14:31:17Z	2026-08-05T14:31:21Z	created-after-baseline	security-non-behavior	docs-support-release	invalid-skip	security maintenance does not define a portable editor-behavior regression.		Hydrated PR metadata and file list show no decision-atomic editor behavior test.	N/A: outside editor behavior harvest.			2026-08-14T11:21:25.836091Z	Leave dependency and advisory handling to the security/release lane.
6094	6094	pull_request	open	false	chore(deps-dev): bump nx from 22.7.6 to 22.7.7	https://github.com/ianstormtaylor/slate/pull/6094	2026-08-07T15:54:48Z	2026-08-07T15:54:53Z	created-after-baseline	security-non-behavior	docs-support-release	invalid-skip	security maintenance does not define a portable editor-behavior regression.		Hydrated PR metadata and file list show no decision-atomic editor behavior test.	N/A: outside editor behavior harvest.			2026-08-14T11:21:25.836091Z	Leave dependency and advisory handling to the security/release lane.
6095	6095	pull_request	closed	true	Version Packages	https://github.com/ianstormtaylor/slate/pull/6095	2026-08-07T15:56:17Z	2026-08-08T05:17:58Z	created-after-baseline	release-non-behavior	docs-support-release	invalid-skip	release maintenance does not define a portable editor-behavior regression.		Hydrated PR metadata and file list show no decision-atomic editor behavior test.	N/A: outside editor behavior harvest.			2026-08-14T11:21:25.836091Z	No editor audit action.
6096	6096	pull_request	open	false	Fix IME composition being cancelled on the first character in an empty leaf (Android)	https://github.com/ianstormtaylor/slate/pull/6096	2026-08-09T01:13:31Z	2026-08-09T20:42:29Z	created-after-baseline	portable-mobile-ime	slate-v2	needs-repro	The open Android empty-leaf patch contains no automated regression test, and synthetic contracts cannot prove first-character IME behavior.		Open PR changes Android manager, string rendering, and examples only.	Adjacent empty-state and Android manager contracts; no raw-device first-character proof.	packages/plite-react/test/android-input-manager-contract.test.ts	bun test:mobile-device-proof:raw	2026-08-14T11:21:25.836091Z	Require real Android IME reproduction before changing the placeholder or manager lifecycle.
